Port,PortNo,Route,RouteNo
Greenyellow-Nu,5010,Philodendron_Two_hundred_and_thirty-three,3409
Lightsteelblue-Mu,7013,Ranunculus_Three_hundred_and_seventy,466
Lawngreen-Upsilon,3097,Ranunculus_Three_hundred_and_thirty-seven,2204
Royalblue-Tau,6835,Limonium_One_hundred_and_eighty-one,4013
Goldenrod-Omicron,4218,Lavender_Three_hundred_and_forty-nine,3004
Azure-Beta,3231,Nigella_One_hundred_and_seventy-one,3979
Dodgerblue-Tau,8654,Limonium_One_hundred_and_eighty-one,4013
Maroon-Tau,6824,Gyp_Two_hundred_and_ninety-four,61
Mistyrose-Rho,7416,Cordyline_One_hundred_and_seventy-five,2541
Gainsboro-Phi,4588,Anconitum_Two_hundred_and_eleven,2373
Mintcream-Tau,3631,Wolfsbane_Nine,2952
Pink-Phi,3501,Bellflower_Four_hundred_and_six,3303
Green-Zeta,8196,Broom_Four_hundred_and_ninety,2210
Lightsalmon-Omicron,7711,Wolfsbane_Three_hundred_and_fifty-seven,2224
Darkseagreen-Theta,4386,Amaryllis_Ninety-three,3411
Lawngreen-Delta,3096,Ornithogalum_Three_hundred_and_seventy-seven,974
Lightblue-Zeta,6952,Craspedia_One_hundred_and_twelve,2556
Ghostwhite-Omicron,8930,Boronia_Four_hundred_and_fifty-six,3062
Lightcyan-Psi,6511,Zinna_One_hundred_and_eight,1219
Mediumorchid-Omega,7445,Throatwort_Eight,1047
Honeydew-Delta,8680,Stephanotis_One_hundred_and_twenty-six,1541
Seashell-Zeta,6916,Gerbera_Sixty-six,9112064
Ghostwhite-Mu,5594,Rose_Two_hundred_and_seventy-seven,210
Darkslateblue-Rho,3028,Jonquil_Two_hundred_and_sixty-three,3694
Mediumpurple-Kappa,5043,Lavender_Four_hundred_and_sixty-one,1342
Lightcoral-Pi,8474,Carnation_Sixty-seven,1223
Mediumaquamarine-Delta,3902,Love-lies-bleeding_Four_hundred_and_sixty-four,3691
Midnightblue-Rho,7863,Anthurium_Three_hundred_and_thirty-three,2059
Gold-Theta,5125,Philodendron_Two_hundred_and_eighty-six,3327
Gainsboro-Omega,9490,Gladiolus_Three_hundred_and_seventeen,3503
Magenta-Upsilon,9465,Peony_Four_hundred_and_thirty-four,1593
Coral-Omicron,3490,Pittosporum_Three_hundred_and_forty-five,2047
Midnightblue-Epsilon,9549,Chrysanthemum_Four_hundred_and_sixty-five,2958
Darksalmon-Nu,7744,Larkspur_Three_hundred_and_six,1779
Mediumvioletred-Upsilon,6604,Anthurium_Three_hundred_and_eighteen,1419
Darkslategray-Xi,9155,Lavandula_One_hundred_and_ninety-one,1796
Palegoldenrod-Nu,7710,Lavender_Three_hundred_and_ninety-six,2629
Ivory-Zeta,7124,Phlox_One_hundred_and_sixty-nine,951
Lightpink-Upsilon,4740,Ginger_One_hundred_and_thirty-two,2789
Maroon-Xi,6515,Nerine_Sixty-one,3084
Lightslategray-Iota,9669,Pittosporum_Thirty-nine,707
Powderblue-Kappa,5055,Cosmos_Three_hundred_and_seventy-five,1459
Sandybrown-Eta,5667,Melaleuca_Three_hundred_and_seventeen,890
Magenta-Psi,6844,Montbretia_Three_hundred_and_fifty,1988
Darkred-Phi,4522,Chamelaucium_One_hundred_and_eighty-six,3159
Moccasin-Pi,8639,Sansevieria_Three_hundred_and_eight,105
Tomato-Omega,9061,Jonquil_Three_hundred_and_seventy,575
Gray-Lamda,7227,Lavender_Twenty-seven,3230
Cyan-Mu,3210,Enthusiasm_One_hundred_and_forty-five,3205
Mediumvioletred-Eta,5404,Cymbidium_Four_hundred_and_sixty-two,139
Darkcyan-Sigma,9231,Pitt_One_hundred_and_two,2786
Lightgreen-Sigma,5501,Buddleia_Two_hundred_and_ninety,3337
Bisque-Sigma,7523,Farewell-To-Spring_Three_hundred_and_ninety-one,1302
Cyan-Mu,3210,Phalaenopsis_Eighty-five,3151
Olive-Xi,3995,Salix_Forty,3051
Maroon-Tau,6824,Godetia_Two_hundred_and_eighty-six,1088
Lightslategray-Psi,6351,Tailflowers_Ninety-six,2780
Blanchedalmond-Beta,3344,Sunflower_Three_hundred_and_eighteen,1427
Coral-Chi,6130,Cordyline_Eighty-three,398
Salmon-Eta,6779,Candytuft_Four_hundred_and_ninety-five,3718
Lavender-Chi,9891,Chamelaucium_Two_hundred_and_ten,1890
Turquoise-Delta,9785,Waxflower_Three_hundred_and_eighty-two,1213
Deeppink-Psi,9665,Wattle_Fifty-eight,3637
Sienna-Iota,7807,Nephrolepis_Two_hundred_and_twenty-three,1002
White-Psi,6369,Aster_One_hundred_and_forty-nine,1125
Lightgray-Delta,3548,Myrtle_One_hundred_and_seventy-three,1148
Sandybrown-Tau,5560,Heather_Three_hundred_and_eighty-four,2271
Lightcoral-Pi,8474,Sunflower_One_hundred_and_thirty-four,610
Blanchedalmond-Beta,3344,Stock_One_hundred_and_twelve,441
Dodgerblue-Sigma,8400,Montbretia_Four_hundred_and_thirty-three,980
Lightseagreen-Delta,6162,Ornithogalum_One_hundred_and_sixty-five,646
Brown-Nu,7733,Myrtle_Forty,2931
Olive-Sigma,5524,Alstroemeria_Fifteen,1621
Lightseagreen-Pi,8346,Tuberose_Three_hundred_and_thirty-eight,3023
Saddlebrown-Gamma,9680,Cornflower_Ninety-one,3814
Rebeccapurple-Sigma,9314,Agapanthus_Two_hundred_and_fourteen,3612
Darkorange-Eta,8157,Scabiosa_Two,2392
Greenyellow-Rho,9958,Ranunculus_Eighty-nine,1281
Tomato-Pi,9078,Lavender_Three_hundred_and_ninety-six,2629
Olive-Delta,5071,Caspia_Sixty,154
Lightsteelblue-Mu,7013,Jonquil_One_hundred_and_twenty-four,1759
Darkcyan-Omicron,8996,Safflower_Two,2431
Silver-Pi,6829,Musa_Forty-nine,3838
Teal-Zeta,9210,Ornithogalum_Three_hundred_and_twelve,1686
Powderblue-Tau,5374,Gladiolus_Thirty-one,2369
Navy-Beta,6719,Paeonia_Two_hundred_and_thirty-one,2787
Darkblue-Gamma,4182,Stock_One_hundred_and_sixty,3452
Cornsilk-Tau,7703,Ornithogalum_One_hundred_and_thirteen,2710
Cornflowerblue-Delta,7438,Speedwell_Twenty-five,3581
Pink-Psi,3901,Cosmos_One,2282
Aqua-Omicron,4687,Tuberose_Two_hundred_and_sixty-nine,1995
Green-Mu,4311,Bellflower_One_hundred_and_sixty-two,2480
Mediumaquamarine-Upsilon,3227,Speedwell_Twelve,3907
Lightgreen-Rho,8805,Zinna_Four_hundred_and_ninety-four,1991
Midnightblue-Rho,7863,Paeonia_Three_hundred_and_thirty-three,1449
Snow-Gamma,3144,Candytuft_Sixty-seven,3355
Saddlebrown-Upsilon,3975,Phlox_Forty-eight,3495
Wheat-Omega,5874,Cymbidium_One_hundred_and_ninety-four,3053
Maroon-Phi,9428,Zantedeschia_Two_hundred_and_fifty-nine,3147
Darksalmon-Mu,9903,Convallaria_Four_hundred_and_twelve,625
Beige-Omega,3525,Ranunculus_Four_hundred_and_eighty-seven,1819
Peru-Zeta,6904,Lily_Three_hundred_and_ninety-one,3939
Magenta-Theta,6022,Waxflower_Sixty-seven,1029
Hotpink-Pi,3194,Statice_Two_hundred_and_thirty-two,2881
Mediumpurple-Gamma,5521,Love-lies-bleeding_Ninety-five,410
Beige-Eta,7948,Broom_Three_hundred_and_seventy-nine,739
Tan-Gamma,6204,Wolfsbane_Eight,1765
Palevioletred-Phi,8226,Carnation_Four_hundred_and_forty,3834
Darkseagreen-Mu,6030,Broom_Three_hundred_and_sixty-nine,1758
Lightsteelblue-Chi,7098,Lilac_Twenty-eight,1580
Lightsalmon-Beta,8301,Anconitum_Four_hundred_and_thirty-nine,2013
Navy-Sigma,9743,Lisianthus_Forty-two,3029
Coral-Chi,6130,Lavandula_Seventy-six,3521
Honeydew-Delta,8680,Memosa_Four_hundred_and_five,379
Aqua-Omega,4437,Cymbidium_Four_hundred_and_sixty-two,139
Turquoise-Mu,9133,Myrtus_One_hundred_and_fifty-four,3211
Springgreen-Kappa,6751,Porium_One_hundred_and_eighty,284
Turquoise-Epsilon,9565,Phlox_Fifty-four,3421
Palegreen-Zeta,3042,Nigella_Seventy-nine,2356
Chocolate-Eta,7317,Lilly-of-the-Valley_Three_hundred_and_ninety-four,1491
Burlywood-Epsilon,3369,Veronica_Sixty-eight,1429
Floralwhite-Theta,7547,Ginger_One_hundred_and_thirty-two,2789
Rosybrown-Sigma,5860,Lilly-of-the-Valley_Sixty-four,3208
Palegreen-Omicron,7949,Anconitum_Fifty-five,2250
Slategray-Kappa,4209,Hydrangea_Three_hundred_and_eighty-four,3588
Cornsilk-Theta,5325,Lilly-of-the-Valley_One_hundred_and_forty,2503
Orchid-Pi,6304,Chamelaucium_Eighty-seven,3875
Chartreuse-Alpha,9330,Adam's-needle_Four_hundred_and_seventeen,1724
Powderblue-Xi,8337,Solidago_Four_hundred_and_thirty-six,2493
Navy-Lamda,4821,Limonium_One_hundred_and_twenty-three,2745
Red-Lamda,7033,Lisianthus_Four_hundred_and_ninety-nine,540
Mediumorchid-Omicron,6424,Sunflower_One_hundred_and_thirty-four,610
Slategray-Sigma,8658,Rattlesnake_Two_hundred_and_ninety-nine,807
Gold-Gamma,6060,Sunflower_One_hundred_and_thirty-four,610
Red-Pi,6211,Schinus_Three_hundred_and_eighty-nine,2616
Olive-Nu,7747,Asparagus_One_hundred_and_sixty-six,1900
Turquoise-Mu,9133,Knapweed_One_hundred_and_twenty-six,1389
Slategray-Sigma,8658,Zantedeschia_Two_hundred_and_fifty-nine,3147
Cornsilk-Rho,7510,Melaleuca_Four_hundred_and_seventy,1228
Fuchsia-Lamda,7784,Scabiosa_One_hundred_and_seven,3604
Lightgoldenrodyellow-Zeta,3402,Melaleuca_Seventy-eight,2977
Thistle-Kappa,6437,Banksia_Three_hundred_and_twenty-one,1734
Darkturquoise-Theta,5084,Bupleurum_Two_hundred_and_sixty-six,2114
Green-Rho,5295,Dahlia_Two_hundred_and_eight,2313
Darkslategray-Upsilon,4368,Heather_Three_hundred_and_eighty-four,2271
Darkslateblue-Iota,3154,Cymbidium_One_hundred_and_twenty-two,1568
Mediumaquamarine-Eta,6771,Liatris_Two_hundred_and_ninety-three,2602
Dimgrey-Psi,9924,Stephanotis_Forty-three,582
Bisque-Sigma,7523,Wattle_Four_hundred_and_forty,1698
Orange-Omicron,7779,Lavender_Three_hundred_and_forty-nine,3004
Chartreuse-Delta,6417,Banksia_Four_hundred_and_eighty-seven,1965
Mediumaquamarine-Epsilon,3533,Safflower_Two_hundred_and_fifty-six,3005
Wheat-Delta,5219,Feverfew_Three_hundred_and_twenty-three,1626
Orangered-Epsilon,8215,Clarkia_Forty-one,3427
Lemonchiffon-Chi,9683,Myrsine_One_hundred_and_twenty-six,1906
Springgreen-Eta,8390,Anthurium_Four_hundred_and_forty-four,3726
Beige-Alpha,7293,Cosmos_One_hundred_and_one,37
Honeydew-Pi,4753,Buddleia_Seventy-three,3264
Gainsboro-Xi,8712,Enthusiasm_Three_hundred_and_twenty-two,1045
Darkorange-Pi,7127,Rose_Two_hundred_and_thirteen,1851
Dimgray-Pi,4924,Aster_Four_hundred_and_thirty-four,2100
Palegoldenrod-Chi,9298,Zinna_Three_hundred_and_eighty-two,850
Silver-Sigma,5363,Wolfsbane_Two_hundred_and_thirty-four,3781
Darkolivegreen-Omicron,9795,Enthusiasm_Three_hundred_and_twenty-two,1045
Wheat-Sigma,8860,Buddleia_Three_hundred_and_sixteen,2973
Blue-Kappa,3956,Salix_One_hundred_and_seventy-three,860
Darksalmon-Beta,9334,Lisianthus_Four_hundred_and_ninety-nine,540
Magenta-Pi,3107,Phalaenopsis_Fifty-four,2557
Rebeccapurple-Mu,7470,Lilac_Sixteen,2855
Greenyellow-Upsilon,7196,Achillea_Eighty-two,2508
Orange-Upsilon,3361,Stenamezon_Two_hundred_and_forty,1551
Mintcream-Alpha,7569,Amaryllis_Four_hundred_and_eighty,3536
Limegreen-Iota,6526,Paeonia_Four_hundred_and_eleven,1445
Indianred-Eta,3462,Lily_Four_hundred_and_twelve,661
Mediumaquamarine-Epsilon,3533,Heather_Two_hundred_and_ninety-seven,1172
Rebeccapurple-Epsilon,9618,Phalaenopsis_Four_hundred_and_sixty-three,3935
Chocolate-Mu,7598,Broom_Two_hundred_and_eighty,3492
Wheat-Alpha,7390,Freesia_Forty-one,1516
Lightgrey-Lamda,9470,Pittosporum_Seventy-nine,2646
Gainsboro-Omega,9490,Paeonia_Three_hundred_and_thirty-three,1449
Tan-Chi,5164,Ornithogalum_One_hundred_and_sixty-five,646
Hotpink-Theta,4963,Lavender_Three_hundred_and_fifty-eight,3796
Mediumpurple-Iota,6593,Bouvardia_Three_hundred_and_twenty-two,2791
Magenta-Theta,6022,Lavender_One_hundred_and_fifty-nine,2886
Gold-Gamma,6060,Bellflower_Two_hundred_and_eighty-four,2254
Maroon-Lamda,6041,Anigozanthus_Three_hundred_and_nine,3105
Mediumturquoise-Rho,8043,Stock_Four_hundred_and_eighty-eight,1718
Brown-Omega,7203,Limonium_One_hundred_and_twenty-three,2745
Skyblue-Pi,3982,Rattlesnake_Twenty-three,3785
Mediumseagreen-Tau,7907,Ranunculus_Thirteen,3459
Slateblue-Omicron,5511,Pittosporum_One_hundred_and_eleven,3378
Azure-Beta,3231,Knapweed_Two_hundred_and_ninety-seven,4026
Fuchsia-Gamma,8319,Candytuft_Two_hundred_and_twenty-four,2294
Lightsteelblue-Tau,6262,Buddleia_One_hundred_and_ninety-eight,2131
Powderblue-Gamma,7814,Gyp_Two_hundred_and_ninety-eight,3482
Firebrick-Psi,5713,Scabiosa_Two_hundred_and_forty-one,2571
Darkgoldenrod-Chi,5975,Jonquil_One_hundred_and_twenty-four,1759
Honeydew-Beta,6797,Daffodil_One_hundred_and_fifty-five,2097
Lightcyan-Rho,4563,Campanula_One_hundred_and_ten,1960
Darkturquoise-Beta,3676,Myrsine_Two_hundred_and_eighty,2266
Mediumturquoise-Epsilon,8822,Caspia_Three_hundred_and_seventy,1285
Lightgray-Pi,4599,Banksia_Three_hundred_and_one,3371
Beige-Lamda,8152,Tulipa_Sixty-eight,3680
Green-Nu,6243,Sansevieria_Three_hundred_and_seventy-four,1423
Darkviolet-Iota,6687,Nigella_One_hundred_and_seventy-one,3979
Olive-Beta,8228,Boronia_Twenty-eight,3556
Khaki-Epsilon,9492,Asparagus_Four_hundred,3364
Tomato-Zeta,4342,Heath_Three_hundred,2211
Blanchedalmond-Beta,3344,Anemone_Two_hundred_and_fifty-one,2849
Lightcyan-Upsilon,9652,Musa_Four_hundred_and_three,3538
Wheat-Beta,6993,Pitt_One_hundred_and_two,2786
Oldlace-Omicron,6176,Lisianthus_Four_hundred_and_ninety-nine,540
Forestgreen-Iota,6679,Chamelaucium_Three_hundred_and_seventy-three,3242
Powderblue-Phi,7512,Snapdragon_One_hundred_and_three,4011
Forestgreen-Upsilon,5853,Anigozanthus_Four_hundred_and_five,1272
Darksalmon-Zeta,8775,Rattlesnake_Four_hundred_and_twenty-nine,2007
Green-Iota,3459,Safflower_Four_hundred_and_ninety-nine,2125
Aliceblue-Kappa,7451,Acacia_Ten,3170
Lightgray-Beta,9272,Cornflower_Four_hundred_and_thirty-six,3343
Mediumblue-Omicron,8364,Pitt_Four_hundred_and_fifty-six,3068
Mediumorchid-Alpha,5094,Limonium_One_hundred_and_eighty-one,4013
Black-Kappa,4950,Asparagus_Four_hundred_and_ninety-six,1789
Forestgreen-Iota,6679,Hippeastrum_Three_hundred_and_sixty-nine,287
Blueviolet-Epsilon,6501,Montbretia_Three_hundred_and_eleven,3120
Tan-Gamma,6204,Sunflower_Three_hundred_and_eighteen,1427
Tomato-Beta,8788,Nephrolepis_Ninety-eight,3324
Darkseagreen-Nu,4938,Narcissus_Forty-five,3746
Darkgrey-Alpha,5688,Tailflowers_Seventy-one,2352
Deeppink-Epsilon,8372,Love-lies-bleeding_Thirty-eight,1911
Cornsilk-Omega,5952,Iris_Three_hundred_and_ninety-five,261
Snow-Omicron,8768,Buddleia_One_hundred_and_ninety-eight,2131
Darksalmon-Zeta,8775,Snapdragon_Two_hundred_and_fifty-nine,606
Purple-Nu,7539,Gardenia_Two_hundred_and_thirty-one,408
Honeydew-Omicron,8140,Narcissus_Three_hundred_and_twenty-five,651
Thistle-Epsilon,7880,Lavandula_Three_hundred_and_fifty-four,2610
Darkcyan-Omicron,8996,Mimosa_Three_hundred_and_twenty-one,1699
Mediumblue-Theta,3916,Mimosa_One_hundred_and_two,497
Papayawhip-Sigma,4268,Sunflower_Four_hundred_and_twenty,3487
Lightcoral-Mu,8105,Lisianthus_Three_hundred_and_ninety,2951
Gainsboro-Alpha,7361,Phalaenopsis_Three_hundred_and_twenty,3897
Lightgrey-Gamma,5036,Wattle_Three_hundred_and_ninety-two,1563
Peachpuff-Lamda,4823,Peony_Four_hundred_and_fifty-nine,1730
Royalblue-Gamma,7732,Wattle_Four_hundred_and_seventy,1240
Lightgray-Delta,3548,Saxicola_One_hundred_and_ten,413
Forestgreen-Alpha,4122,Iris_One_hundred_and_twenty-seven,2092
Red-Tau,3749,Feverfew_Eight,217
Palegreen-Nu,6003,Daffodil_One_hundred_and_ninety-two,3383
Darkorchid-Pi,6023,Rattlesnake_Four_hundred_and_twenty-nine,2007
Orange-Delta,3893,Pitt_Two,545
Mediumslateblue-Tau,3281,Rose_Four_hundred_and_seven,2329
Steelblue-Rho,6857,Waxflower_Two_hundred_and_fifty-three,3408
Chocolate-Kappa,4307,Craspedia_Two_hundred_and_five,2575
Linen-Omicron,7823,Rose_Three_hundred_and_forty-nine,2422
Darkturquoise-Beta,3676,Asparagus_One_hundred_and_sixty-nine,2620
Darkviolet-Phi,6647,Gardenia_Two_hundred_and_thirty-one,408
Orangered-Epsilon,8215,Lisianthus_Forty-two,3029
Mediumpurple-Gamma,5521,Liatris_One_hundred_and_ninety,2489
Royalblue-Gamma,7732,Gardenia_Four_hundred_and_sixty-one,228
Darkseagreen-Mu,6030,Strawflower_Two_hundred_and_forty-five,1847
Bisque-Xi,4608,Craspedia_Two_hundred_and_fourteen,125
Burlywood-Beta,6938,Tailflowers_Two_hundred_and_forty-three,1325
Mediumaquamarine-Beta,9611,Wolfsbane_Two_hundred_and_thirty-four,3781
Indianred-Mu,3408,Amaryllis_Seventy-five,631
Indianred-Gamma,7935,Freesia_One_hundred_and_forty-nine,3305
Moccasin-Eta,8240,Candytuft_Eighty-five,1664
Salmon-Eta,6779,Wattle_Two_hundred_and_fifty-eight,3225
Rosybrown-Eta,7631,Gyp_Two_hundred_and_eighteen,1248
Darkgrey-Nu,6914,Lisianthus_One_hundred_and_forty-eight,3991
Darkgrey-Xi,3450,Achillea_Seventy-one,2622
Rebeccapurple-Sigma,9314,Phlox_Two_hundred_and_eighty-one,3702
Darkorange-Pi,7127,Convallaria_One_hundred_and_sixty-one,2964
Palevioletred-Phi,8226,Myrsine_One_hundred_and_twenty-nine,3591
Orchid-Pi,6304,Limonium_Three_hundred_and_twenty-two,1839
Red-Pi,6211,Nephrolepis_Ninety-eight,3324
Darkblue-Kappa,3013,Nigella_Four_hundred_and_seventy-eight,692
White-Nu,6135,Anigozanthus_One_hundred_and_sixty-one,3215
Magenta-Theta,6022,Veronica_Eighty-four,1773
Silver-Sigma,5363,Tailflowers_Four_hundred_and_forty,3181
Dimgray-Xi,3246,Wattle_Two_hundred_and_thirteen,2454
Rebeccapurple-Xi,7736,Jonquil_Two_hundred_and_sixty-three,3694
Darkslategrey-Mu,5881,Nephrolepis_Three_hundred_and_seventy-three,3602
Ivory-Zeta,7124,Gardenia_Four_hundred_and_eighty-three,3125
Plum-Omega,6816,Stock_One_hundred_and_seventy-six,2347
Pink-Gamma,4992,Anemone_Two_hundred_and_nine,1733
Salmon-Iota,4288,Wolfsbane_Three_hundred_and_sixteen,2473
Orangered-Iota,8323,Saponaria_Ninety-three,2580
Plum-Omicron,4412,Narcissus_Three_hundred_and_seventy-nine,986
Darkcyan-Lamda,4575,Heather_Two_hundred_and_thirty,673
Mediumblue-Omicron,8364,Ginger_Four_hundred_and_forty-four,1559
Lightseagreen-Tau,6408,Phlox_Seventy-nine,1269
Darkturquoise-Theta,5084,Tailflowers_One_hundred_and_forty-three,2677
Dimgray-Phi,4825,Nephrolepis_Two_hundred_and_sixteen,2486
Purple-Zeta,9956,Tulipa_Two_hundred_and_forty-three,3714
Peru-Eta,7900,Anconitum_One_hundred_and_seventy-five,3548
Grey-Omicron,4935,Anemone_Twenty-nine,2538
Mediumseagreen-Alpha,3173,Broom_Three_hundred_and_thirteen,2070
Palegoldenrod-Omega,3625,Nigella_Three_hundred_and_thirty-six,170
Yellowgreen-Eta,8516,Porium_Thirty-one,1255
Navy-Rho,9427,Anthurium_Three_hundred_and_eighteen,1419
Khaki-Epsilon,9492,Cattleya_Three_hundred,27
Peru-Mu,4847,Lily_One_hundred_and_fourteen,792
Sienna-Sigma,3255,Asparagus_Four_hundred_and_forty-one,584
Navajowhite-Zeta,4557,Larkspur_Three_hundred_and_six,1779
Floralwhite-Theta,7547,Candytuft_Two_hundred_and_forty-three,1003
Pink-Delta,5394,Zinna_One_hundred_and_eight,1219
Mediumspringgreen-Rho,3879,Cymbidium_One_hundred_and_ninety-four,3053
Deepskyblue-Upsilon,7957,Godetia_One_hundred_and_two,1474
Orchid-Eta,7219,Cymbidium_One_hundred_and_eighty,2897
Palegoldenrod-Upsilon,4493,Tuberose_Thirty-one,814
Lemonchiffon-Delta,6393,Paeonia_Six,2176
Darkblue-Alpha,3869,Acacia_Sixty-one,678
Mediumslateblue-Delta,3939,Pitt_One_hundred_and_two,2786
Deeppink-Tau,6682,Bouvardia_One_hundred_and_twenty-seven,2919
Blue-Alpha,6940,Ranunculus_Four_hundred_and_eighty-seven,1819
Palevioletred-Iota,3999,Lavandula_Three_hundred_and_fifty-four,2610
Salmon-Tau,7497,Achillea_Four_hundred_and_sixty-seven,3630
Azure-Beta,3231,Chamelaucium_Two_hundred_and_sixty,2717
Burlywood-Theta,6572,Wattle_Two_hundred_and_ninety-eight,3728
Mediumblue-Phi,8493,Cordyline_Three_hundred_and_thirty-four,2277
Darkseagreen-Mu,6030,Throatwort_Three_hundred_and_fourteen,2229
Ivory-Gamma,7457,Narcissus_Three_hundred_and_seventy-nine,986
Thistle-Beta,7641,Monkshood_Three_hundred_and_ten,417
Chartreuse-Beta,6142,Nerine_Thirty-four,458
Mediumpurple-Iota,6593,Knapweed_Two_hundred_and_ninety-four,1160
Honeydew-Pi,4753,Bouvardia_Three_hundred_and_twenty-two,2791
Whitesmoke-Psi,7039,Nigella_One_hundred_and_seventy-one,3979
Darkkhaki-Rho,8327,Montbretia_One_hundred_and_thirty-six,2357
Darkgoldenrod-Theta,9777,Pittosporum_Fourteen,1805
Yellow-Rho,4054,Nerine_Two,137
Snow-Zeta,4257,Peony_Twenty-one,2023
Indianred-Mu,3408,Myrsine_Three_hundred_and_fifty-six,3017
Deeppink-Rho,4432,Gyp_Four_hundred_and_two,356
Deeppink-Kappa,6462,Tulip_Three_hundred_and_fifty-two,3282
Orange-Beta,5991,Nerine_Four_hundred_and_seventy-seven,3287
Mediumvioletred-Eta,5404,Rose_Twenty-three,9110538
Lightgoldenrodyellow-Kappa,6415,Ornithogalum_Two_hundred_and_eighty-four,1333
Saddlebrown-Pi,7796,Campanula_Two_hundred_and_twelve,3450
Aquamarine-Iota,6961,Craspedia_One_hundred_and_twelve,2556
Gainsboro-Psi,9803,Adam's-needle_Three_hundred_and_nineteen,1412
Springgreen-Omicron,8208,Wolfsbane_Three_hundred_and_fifty-seven,2224
Mediumpurple-Iota,6593,Candytuft_Four_hundred_and_ninety-five,3718
Dimgrey-Xi,8720,Anconitum_Two_hundred_and_eleven,2373
Yellowgreen-Omicron,8275,Lisianthus_One_hundred_and_ten,2186
Gainsboro-Gamma,7151,Freesia_Eighty-four,3989
Green-Zeta,8196,Gardenia_Four_hundred_and_twenty-seven,2024
Lightcyan-Sigma,4080,Bupleurum_One_hundred_and_fourteen,3840
Lightskyblue-Epsilon,9369,Bupleurum_Fourteen,2868
Darkslategrey-Mu,5881,Pittosporum_Two_hundred_and_eighteen,3578
Red-Lamda,7033,Adam's-needle_Three_hundred_and_eighty-one,1678
Oldlace-Psi,9755,Lily_Nineteen,1812
Black-Theta,5722,Saponaria_Two_hundred_and_forty-seven,2728
Forestgreen-Sigma,4092,Lavender_Three_hundred_and_eighty-six,726
Slategray-Sigma,8658,Daffodil_Thirty-eight,1607
Honeydew-Omicron,8140,Rose_Three_hundred_and_fifty-seven,2234
Lightseagreen-Tau,6408,Statice_Two_hundred_and_sixty-seven,2950
Lightgoldenrodyellow-Alpha,8483,Narcissus_One_hundred_and_ninety-one,434
Dimgrey-Psi,9924,Gardenia_One_hundred_and_nineteen,3395
Mediumvioletred-Upsilon,6604,Knapweed_Two_hundred_and_ninety-seven,4026
Whitesmoke-Alpha,7582,Saponaria_Two_hundred_and_eight,1425
Floralwhite-Omega,5494,Nephrolepis_Ninety-eight,3324
Chocolate-Omicron,9123,Alstroemeria_Zero,2434
Peru-Omicron,7374,Agapanthus_Four_hundred_and_ninety-one,1015
Mediumslateblue-Chi,6225,Melaleuca_Three_hundred_and_ninety-nine,3831
Lightblue-Mu,4113,Hydrangea_Four_hundred_and_fifty-three,1040
Sandybrown-Eta,5667,Lisianthus_Two_hundred_and_thirty-six,996
Aqua-Zeta,9066,Asparagus_One_hundred_and_sixty-nine,2620
Darkturquoise-Tau,3927,Convallaria_One_hundred_and_sixty-one,2964
Darkolivegreen-Xi,8632,Lilac_Three_hundred_and_fifty-three,1587
Powderblue-Xi,8337,Saponaria_Ten,3388
Antiquewhite-Xi,4238,Lavender_Seventy-nine,2388
Mediumorchid-Psi,9130,Bellflower_Four_hundred_and_fifty-six,1763
Mediumorchid-Epsilon,3019,Porium_Two_hundred_and_sixty-six,828
Dimgray-Tau,9694,Lavender_Three_hundred_and_eighty-six,726
Azure-Tau,6155,Sansevieria_Thirty-two,1667
Midnightblue-Rho,7863,Rattlesnake_Three_hundred_and_ninety-seven,911
Maroon-Phi,9428,Ginger_Forty-seven,3616
Linen-Mu,3836,Tracelium_Thirty-six,3279
Lightgoldenrodyellow-Pi,3035,Daffodil_Three_hundred_and_eighty-eight,1432
Cadetblue-Sigma,6634,Godetia_Two_hundred_and_eighty-six,1088
Mediumvioletred-Upsilon,6604,Lisianthus_One_hundred_and_ten,2186
Yellowgreen-Theta,8164,Statice_One_hundred_and_fifty-nine,2693
Teal-Beta,3644,Bellflower_Two_hundred_and_eighty-four,2254
Darkturquoise-Theta,5084,Chrysanthemum_Three_hundred,554
Darkslategray-Xi,9155,Candytuft_Twenty-nine,784
Purple-Eta,9984,Bellflower_Three_hundred_and_eighty-one,3985
Lightsteelblue-Omega,7529,Carthamus_Four_hundred_and_eighty-four,2158
Lightgrey-Theta,8294,Astilbe_Three_hundred_and_thirty,1675
Blue-Zeta,8953,Monkshood_Three_hundred_and_eighty-one,1715
Moccasin-Kappa,5193,Phalaenopsis_Fifty-four,2557
Brown-Psi,4147,Alstroemeria_Four_hundred_and_fifty-six,461
Sandybrown-Xi,8755,Caspia_Three_hundred_and_seventy,1285
Sienna-Iota,7807,Craspedia_One_hundred_and_twelve,2556
Darkkhaki-Phi,6639,Pitt_Four_hundred_and_fifty-six,3068
Crimson-Iota,6400,Cornflower_One_hundred_and_thirty-four,2387
Lawngreen-Theta,5534,Melaleuca_One_hundred_and_fifty-one,2080
Beige-Alpha,7293,Caspia_Three_hundred_and_seventy,1285
Rebeccapurple-Upsilon,5479,Hydrangea_Three_hundred_and_thirty-five,3165
Darkseagreen-Zeta,3712,Heather_Two_hundred_and_nine,3141
Wheat-Tau,6156,Rattlesnake_One_hundred_and_four,3513
Forestgreen-Upsilon,5853,Stephanotis_One_hundred_and_twenty-six,1541
Green-Zeta,8196,Dahlia_One_hundred_and_eleven,1335
Burlywood-Zeta,3947,Lisianthus_Two_hundred_and_thirty-six,996
Deepskyblue-Beta,6255,Broom_Four_hundred_and_ninety,2210
Lightgreen-Phi,5108,Sansevieria_One_hundred_and_eighteen,2105
Springgreen-Kappa,6751,Myrtle_Two_hundred_and_one,3520
Antiquewhite-Omicron,9824,Nerine_Three_hundred_and_sixty-eight,3687
Floralwhite-Eta,7087,Asparagus_Three_hundred_and_ninety-one,1233
Royalblue-Epsilon,6193,Sunflower_Three_hundred_and_eighteen,1427
Chartreuse-Omicron,6912,Narcissus_Four_hundred_and_fourteen,2014
Linen-Omicron,7823,Craspedia_One_hundred_and_eighty,2770
Greenyellow-Theta,6327,Wolfsbane_Two_hundred_and_thirty-four,3781
Navajowhite-Rho,5965,Craspedia_One_hundred_and_eighty,2770
Antiquewhite-Xi,4238,Sansevieria_Seventy,1948
Slategray-Kappa,4209,Jonquil_Three_hundred_and_fifty-nine,1367
Darkslategrey-Kappa,7187,Zantedeschia_Four_hundred_and_forty-three,800
Aquamarine-Psi,8586,Bouvardia_One_hundred_and_twenty-seven,2919
Burlywood-Omicron,5791,Ginger_Forty-seven,3616
Darksalmon-Zeta,8775,Gardenia_Three_hundred_and_sixty-three,2930
Honeydew-Pi,4753,Lavender_One_hundred_and_fifty-nine,2886
Mediumorchid-Zeta,5261,Stock_Four_hundred_and_seventy-seven,4007
Peru-Sigma,6981,Daffodil_Three_hundred_and_eighty-eight,1432
Plum-Kappa,9525,Philodendron_Two_hundred_and_eighty-six,3327
Darkred-Phi,4522,Windflower_Three,2946
Deeppink-Rho,4432,Narcissus_Three_hundred_and_twenty-three,1868
Red-Phi,4497,Bellflower_One_hundred_and_sixty-two,2480
Cornsilk-Pi,6560,Astilbe_Two_hundred_and_seventy-two,1071
Yellow-Eta,4836,Gerbera_Twelve,3735
Wheat-Omega,5874,Schinus_Eight,3116
Moccasin-Eta,8240,Myrsine_Two_hundred,1035
Goldenrod-Lamda,8459,Iris_One_hundred_and_forty-nine,2035
Seashell-Mu,7791,Wattle_Four_hundred_and_seventy,1240
Darksalmon-Zeta,8775,Speedwell_Twelve,3907
Mistyrose-Eta,9418,Anigozanthus_Three_hundred_and_nine,3105
Mediumvioletred-Chi,6851,Saxicola_One_hundred_and_eighty-seven,987
Darkcyan-Zeta,6360,Heath_Two_hundred_and_fifty-seven,3393
Lightsalmon-Epsilon,9831,Love-lies-bleeding_Thirty-eight,1911
Cornsilk-Pi,6560,Memosa_Four_hundred_and_thirty-nine,2553
Sandybrown-Xi,8755,Lavandula_Two_hundred_and_sixty-eight,2865
Aqua-Alpha,3569,Dendrobium_Four_hundred_and_fifty-three,864
Crimson-Chi,4446,Scabiosa_Two_hundred_and_forty-one,2571
Darkturquoise-Mu,7070,Daffodil_Four_hundred_and_forty-seven,3729
Gainsboro-Nu,4727,Lisianthus_Three_hundred_and_forty-four,699
Lightskyblue-Omega,3394,Scabiosa_One_hundred_and_seven,3604
Cornsilk-Tau,7703,Gyp_Seventeen,1177
Darkmagenta-Eta,4419,Amaryllis_Two_hundred_and_seventeen,1610
Lightcoral-Delta,9234,Philodendron_Four_hundred_and_thirteen,776
Rosybrown-Alpha,9621,Jonquil_Three_hundred_and_seventy,575
Cyan-Psi,8982,Cosmos_Seven,2592
Darkorange-Theta,4466,Craspedia_One_hundred_and_eighty,2770
Darkolivegreen-Xi,8632,Stock_One_hundred_and_twelve,441
Gold-Delta,5801,Jonquil_Fifty,1155
Darkseagreen-Tau,6926,Schinus_Eight,3116
Turquoise-Mu,9133,Bouvardia_One_hundred_and_twenty-seven,2919
Mediumturquoise-Rho,8043,Cymbidium_One_hundred_and_ninety-two,2116
Tomato-Kappa,9140,Ornithogalum_Fifty-five,2971
Bisque-Mu,8236,Gerbera_Sixty-six,9112064
Orangered-Sigma,9064,Rose_Two_hundred_and_fifty-eight,2899
Darkviolet-Gamma,5417,Nerine_Three_hundred_and_sixty-eight,3687
Darkcyan-Zeta,6360,Nerine_Four_hundred_and_seventy-seven,3287
Mediumvioletred-Xi,9189,Anigozanthus_One_hundred_and_sixty-one,3215
Gainsboro-Mu,3082,Lavender_Three_hundred_and_fifty-eight,3796
Mediumseagreen-Zeta,3000,Dahlia_Two_hundred_and_thirty-one,1261
Gold-Nu,7669,Heath_One_hundred_and_seventy-five,70
Ivory-Zeta,7124,Chamelaucium_One_hundred_and_sixty-one,2793
Slategrey-Tau,8221,Iris_One_hundred_and_forty-nine,2035
Mistyrose-Rho,7416,Love-lies-bleeding_One_hundred_and_ninety-three,265
Magenta-Beta,8423,Myrsine_Two_hundred,1035
Dimgray-Alpha,8738,Phlox_Fifty-four,3421
Palegoldenrod-Eta,6321,Jonquil_Fifty,1155
Darkturquoise-Beta,3676,Candytuft_Two_hundred_and_ninety-five,346
Powderblue-Sigma,7969,Daffodil_Four_hundred_and_forty-seven,3729
Indianred-Mu,3408,Montbretia_Two_hundred_and_sixty-eight,2754
White-Iota,3290,Farewell-To-Spring_Four_hundred_and_eight,1836
Crimson-Psi,5168,Philodendron_Two_hundred_and_thirty-three,3409
Black-Iota,9866,Tailflowers_Two_hundred_and_forty-three,1325
Deeppink-Tau,6682,Lisianthus_Three_hundred_and_forty-four,699
Bisque-Mu,8236,Amaryllis_Four_hundred_and_eighty-two,246
Lavender-Upsilon,4527,Phlox_Two_hundred_and_eighty-one,3702
Royalblue-Gamma,7732,Waxflower_Two_hundred_and_eighty-six,729
Seashell-Zeta,6916,Wattle_Four_hundred_and_forty,1698
Mediumorchid-Omega,7445,Acacia_Sixty-one,678
Rosybrown-Kappa,9080,Enthusiasm_Three_hundred_and_fifteen,3381
Mediumvioletred-Upsilon,6604,Ginger_Two_hundred_and_sixteen,1485
Lightsteelblue-Lamda,6925,Tracelium_Four_hundred_and_two,3597
Mediumblue-Tau,9768,Snapdragon_One_hundred_and_three,4011
Crimson-Iota,6400,Heather_Sixty-four,226
Olive-Xi,3995,Enthusiasm_Three_hundred_and_seventeen,2214
Gainsboro-Alpha,7361,Achillea_Eighty-two,2508
Gainsboro-Gamma,7151,Godetia_Two_hundred_and_eighty-four,131
Paleturquoise-Lamda,5221,Lisianthus_Three_hundred_and_forty-four,699
Red-Lamda,7033,Campanula_Sixty-one,3119
Lightblue-Zeta,6952,Achillea_Four_hundred_and_sixty-seven,3630
Indigo-Phi,5095,Tracelium_Thirty-nine,367
Palevioletred-Omicron,8539,Iris_One_hundred_and_twenty-seven,2092
Lightgrey-Iota,6995,Caspia_Three_hundred_and_fourteen,2401
Slateblue-Chi,6169,Iris_Three_hundred_and_ninety-five,261
Lightgoldenrodyellow-Zeta,3402,Chrysanthemum_Three_hundred,554
Chocolate-Omicron,9123,Ornithogalum_Three_hundred_and_seventy-seven,974
Ghostwhite-Xi,6525,Peony_Thirty-five,3076
Lightpink-Psi,9818,Broom_Three_hundred_and_sixty-nine,1758
Mediumspringgreen-Iota,7019,Drumstick_Four_hundred_and_eighty-five,904
Mediumpurple-Gamma,5521,Carnation_Four_hundred_and_forty,3834
White-Upsilon,8060,Tracelium_Thirty-six,3279
Magenta-Pi,3107,Enthusiasm_Forty-two,3554
Mediumslateblue-Delta,3939,Limonium_One_hundred_and_eighty-one,4013
Mediumspringgreen-Beta,6485,Safflower_Two_hundred_and_fifty-six,3005
Cyan-Zeta,9034,Candytuft_Twenty-nine,784
Tan-Alpha,5128,Banksia_Two_hundred_and_eighty-eight,1374
Peru-Rho,9499,Zantedeschia_Two_hundred_and_fifty-nine,3147
Orangered-Chi,7106,Gladiolus_Two_hundred_and_fifteen,44
Darkorchid-Alpha,9952,Narcissus_Three_hundred_and_twenty-five,651
Honeydew-Pi,4753,Bellflower_Two_hundred_and_eighty-four,2254
Papayawhip-Kappa,7037,Iris_One_hundred_and_ninety-two,3761
Cornflowerblue-Theta,6364,Nerine_Two,137
Lightgray-Iota,5207,Wattle_Two_hundred_and_ninety-eight,3728
Ghostwhite-Omega,5726,Daffodil_Two_hundred_and_fifty-nine,3865
Mediumvioletred-Epsilon,8054,Strawflower_Two_hundred_and_forty-five,1847
Black-Iota,9866,Ginger_One_hundred_and_thirty-two,2789
Darkgrey-Alpha,5688,Lilac_Two_hundred_and_five,1159
Mediumslateblue-Chi,6225,Chamelaucium_Eighty-seven,3875
Darkviolet-Iota,6687,Cornflower_Four_hundred_and_two,734
Gold-Upsilon,8264,Freesia_One_hundred_and_ninety-one,627
Steelblue-Kappa,4327,Tailflowers_Ninety-six,2780
Lightgrey-Epsilon,3779,Throatwort_One_hundred_and_twenty-six,1055
Honeydew-Beta,6797,Mimosa_Three_hundred_and_twenty-one,1699
Springgreen-Lamda,3162,Waxflower_Two_hundred_and_twenty-five,1116
Slategray-Omega,6881,Nerine_One_hundred_and_forty-three,810
Powderblue-Phi,7512,Stenamezon_Two_hundred_and_ninety-two,2450
Teal-Chi,9823,Wattle_One_hundred_and_ninety-four,222
Blue-Zeta,8953,Heath_One_hundred_and_seventy-five,70
Lightyellow-Psi,8222,Narcissus_Forty-five,3746
Seagreen-Mu,5893,Pittosporum_Two_hundred_and_ninety-three,903
Lightsteelblue-Phi,3279,Rattlesnake_Twenty-three,3785
Darkmagenta-Rho,9263,Pitt_One_hundred_and_seventy-four,637
Mediumturquoise-Chi,3373,Convallaria_Three_hundred_and_seventy-six,3086
Royalblue-Delta,4784,Tailflowers_Seventy-one,2352
Midnightblue-Omega,8590,Phalaenopsis_Four_hundred_and_forty,966
Crimson-Lamda,6476,Waxflower_One_hundred_and_one,1308
Silver-Pi,6829,Myrtus_Two_hundred_and_ninety-eight,3971
Blanchedalmond-Omega,7214,Tulip_Three_hundred_and_fifty-two,3282
White-Pi,6453,Freesia_Four_hundred_and_eighty-six,2761
Lightsteelblue-Theta,7339,Lisianthus_Four_hundred_and_ninety-nine,540
Darkcyan-Sigma,9231,Saxicola_One_hundred_and_ten,413
Ivory-Xi,8836,Astilbe_One_hundred_and_eighty-two,2914
Ghostwhite-Omega,5726,Dahlia_Three_hundred_and_eighty-two,3194
Darkgoldenrod-Theta,9777,Gerbera_Three_hundred_and_thirty-five,51
Gainsboro-Gamma,7151,Jonquil_Three_hundred_and_fifty-nine,1367
Mediumaquamarine-Beta,9611,Drumstick_Four,720
Plum-Zeta,8645,Buddleia_Two_hundred_and_forty-one,2197
Wheat-Beta,6993,Chrysanthemum_Two_hundred_and_eleven,640
Chartreuse-Beta,6142,Zantedeschia_Two_hundred_and_thirty-three,3802
Cadetblue-Delta,3591,Pitt_Two_hundred_and_sixty-three,3697
Cadetblue-Omega,5984,Farewell-To-Spring_Four_hundred_and_eight,1836
Darkorchid-Alpha,9952,Solidago_Four_hundred_and_thirty-six,2493
Lightsalmon-Beta,8301,Pittosporum_Three_hundred_and_twenty-eight,3444
Snow-Omicron,8768,Myrtle_Forty,2931
Aquamarine-Delta,5134,Wattle_Three_hundred_and_ninety-two,1563
Mediumorchid-Omega,7445,Myrsine_One_hundred_and_twenty-six,1906
Crimson-Alpha,8007,Freesia_Forty-one,1516
Aquamarine-Rho,5003,Porium_Four_hundred_and_six,2118
Dimgray-Alpha,8738,Cornflower_Ninety-one,3814
Snow-Chi,7079,Narcissus_Four_hundred_and_eighteen,45
Ghostwhite-Zeta,5204,Anemone_Two_hundred_and_nine,1733
Fuchsia-Gamma,8319,Gladiolus_Two_hundred_and_fifteen,44
Cornsilk-Epsilon,7769,Convallaria_Four_hundred_and_forty-four,1522
Whitesmoke-Pi,3522,Daffodil_Two_hundred_and_fifty-nine,3865
Antiquewhite-Pi,3420,Mimosa_Three_hundred_and_thirty-six,110
Deepskyblue-Sigma,7946,Sansevieria_Three_hundred_and_seventy-four,1423
Lightskyblue-Epsilon,9369,Sansevieria_Three_hundred_and_fifty-two,1864
Purple-Chi,7618,Monkshood_Two_hundred_and_sixty-two,3362
Slateblue-Psi,9460,Hydrangea_Four_hundred_and_fifty-three,1040
Antiquewhite-Rho,3451,Bouvardia_Sixty-seven,3414
Darkgoldenrod-Lamda,4187,Anigozanthus_Four_hundred_and_seventy-three,3467
Mistyrose-Theta,3258,Liatris_Three_hundred_and_forty-eight,2731
Bisque-Sigma,7523,Amaryllis_Two_hundred_and_seventeen,1610
Fuchsia-Lamda,7784,Wolfsbane_Three_hundred_and_eleven,1739
Dimgray-Xi,3246,Cymbidium_One_hundred_and_twenty-two,1568
Lightgray-Pi,4599,Statice_Three_hundred_and_sixty-two,473
Darkred-Nu,9086,Wolfsbane_One_hundred_and_twenty-nine,3092
Lightblue-Zeta,6952,Rose_Two_hundred_and_fifty-eight,2899
Springgreen-Xi,5482,Ranunculus_Two_hundred_and_fifteen,146
Teal-Rho,9708,Farewell-To-Spring_One_hundred_and_thirty-five,3176
Darkolivegreen-Rho,4198,Nerine_Thirty-four,458
Olive-Nu,7747,Zantedeschia_Four_hundred_and_forty-three,800
Mediumblue-Phi,8493,Alstroemeria_Seventy-three,2898
Crimson-Tau,4799,Veronica_Twenty-three,3948
Gainsboro-Nu,4727,Freesia_Four_hundred_and_eighty-six,2761
Lavenderblush-Phi,3265,Adam's-needle_Three_hundred_and_nineteen,1412
Midnightblue-Chi,7856,Candytuft_Eighty-three,3600
Ivory-Xi,8836,Farewell-To-Spring_One_hundred_and_sixty-five,1264
Wheat-Rho,5828,Myrsine_Two_hundred,1035
Chartreuse-Beta,6142,Veronica_Three_hundred_and_ninety-seven,1315
Crimson-Chi,4446,Pitt_Two_hundred_and_eighty-two,1709
Darkolivegreen-Rho,4198,Heather_Two_hundred_and_thirty,673
Chocolate-Eta,7317,Sansevieria_Four_hundred_and_twenty-one,2163
Darkgray-Alpha,9464,Dahlia_Two_hundred_and_eight,2313
Darkolivegreen-Omega,8961,Mimosa_Three_hundred_and_twenty-one,1699
Lightgray-Delta,3548,Stephanotis_Ninety-seven,805
Lightskyblue-Alpha,8284,Lavender_Four_hundred_and_sixteen,3010
Darkgoldenrod-Chi,5975,Phalaenopsis_Fifty-four,2557
Royalblue-Chi,9790,Anigozanthus_Four_hundred_and_seventy-three,3467
Moccasin-Tau,3818,Adam's-needle_Two_hundred_and_nine,393
Ghostwhite-Xi,6525,Ornithogalum_Two_hundred_and_eighty-four,1333
Orange-Zeta,6582,Throatwort_Three_hundred_and_five,574
Mediumseagreen-Delta,7053,Broom_Four_hundred_and_fourteen,1206
Orangered-Chi,7106,Love-lies-bleeding_Three_hundred_and_thirty-two,2666
Darkturquoise-Beta,3676,Montbretia_Two_hundred_and_five,2706
Lightgreen-Rho,8805,Lily_Three_hundred_and_ninety-one,3939
Grey-Omega,9183,Phalaenopsis_Eighty-five,3151
Aquamarine-Iota,6961,Memosa_Four_hundred_and_thirty-nine,2553
Darkviolet-Sigma,5613,Ginger_Two_hundred_and_sixteen,1485
Burlywood-Epsilon,3369,Gerbera_Sixty-six,9112064
Rebeccapurple-Psi,7042,Pitt_One_hundred_and_seventy-four,637
Cadetblue-Xi,6427,Achillea_Seventy-one,2622
Indigo-Alpha,8909,Wattle_Fifty-six,1505
Red-Lamda,7033,Liatris_Four_hundred_and_forty-two,846
Darkgreen-Upsilon,7298,Bouvardia_One_hundred_and_eighty-two,3936
Antiquewhite-Mu,3488,Pittosporum_Three_hundred_and_twenty-eight,3444
Rosybrown-Alpha,9621,Salix_Forty,3051
Red-Gamma,3199,Monkshood_Two_hundred_and_twenty-nine,2272
Lightsalmon-Iota,6469,Daffodil_Two_hundred_and_fifty-nine,3865
Ghostwhite-Omega,5726,Ornithogalum_Two_hundred_and_one,301
Blueviolet-Pi,8113,Zinna_One_hundred_and_ninety-five,2241
Lavenderblush-Nu,7688,Myrtus_One_hundred_and_fifty-four,3211
Forestgreen-Upsilon,5853,Montbretia_Eight,3923
Green-Zeta,8196,Nigella_Three_hundred_and_thirty-six,170
Darkgreen-Omicron,6913,Alpina_One_hundred_and_forty-one,2169
Salmon-Zeta,9336,Gerbera_One_hundred_and_ninety-three,897
Darkblue-Pi,7506,Wattle_Three_hundred_and_sixty-two,520
Seagreen-Upsilon,8602,Carnation_Two_hundred_and_twenty-four,172
Azure-Pi,7865,Saxicola_One_hundred_and_ten,413
Seashell-Nu,4148,Narcissus_Zero,3829
Silver-Zeta,5351,Montbretia_Two_hundred_and_sixty-eight,2754
Ivory-Tau,9056,Celosia_Two_hundred_and_one,2036
Yellow-Rho,4054,Achillea_Three_hundred_and_sixty-four,3609
Orchid-Lamda,4984,Craspedia_Two_hundred_and_forty-six,2703
Lemonchiffon-Psi,9344,Candytuft_Sixty-seven,3355
Orange-Psi,9932,Phalaenopsis_Fifty-four,2557
Navajowhite-Epsilon,6232,Mimosa_Two_hundred_and_nineteen,257
Mediumseagreen-Omega,4171,Clarkia_Two_hundred_and_eighty-nine,1478
Burlywood-Beta,6938,Scabiosa_Two,2392
Midnightblue-Omicron,7610,Cordyline_Three_hundred_and_seventy-eight,688
Darkgray-Phi,8625,Heath_Four_hundred_and_seventy-seven,3853
Darkslategray-Sigma,4897,Statice_Three_hundred_and_seventy-nine,213
Honeydew-Delta,8680,Heather_Four_hundred_and_two,2820
Powderblue-Kappa,5055,Wattle_Three_hundred_and_ninety-two,1563
Darkorange-Theta,4466,Rattlesnake_Three_hundred_and_twenty-four,3251
Powderblue-Lamda,4626,Cosmos_Seven,2592
Blanchedalmond-Epsilon,4675,Stock_One_hundred_and_twelve,441
Ivory-Xi,8836,Heather_Three_hundred_and_eighty-four,2271
Royalblue-Omicron,8017,Daffodil_Sixty-seven,1799
Crimson-Lamda,6476,Knapweed_Three_hundred_and_thirty-nine,2994
Darkmagenta-Omicron,4541,Lavender_Twenty-seven,3230
Dodgerblue-Sigma,8400,Love-lies-bleeding_One_hundred_and_ninety-three,265
Indigo-Phi,5095,Larkspur_One_hundred_and_sixty-five,58
Sandybrown-Iota,3121,Gerbera_Sixty-six,9112064
Blanchedalmond-Epsilon,4675,Drumstick_Three_hundred_and_thirty-nine,1750
Chocolate-Eta,7317,Caspia_Two_hundred,1032
Lightcoral-Mu,8105,Cosmos_Ninety-six,1682
Darkgrey-Xi,3450,Broom_Three_hundred_and_sixty-nine,1758
Salmon-Eta,6779,Montbretia_Two_hundred_and_five,2706
Thistle-Omega,7606,Ranunculus_Two_hundred_and_fifteen,146
Darkgreen-Epsilon,5811,Phalaenopsis_Two_hundred_and_fifty-six,3071
Saddlebrown-Chi,6558,Sansevieria_Four_hundred_and_thirty-one,2455
Moccasin-Tau,3818,Hippeastrum_Eighty-five,3648
Fuchsia-Nu,3616,Banksia_Four_hundred_and_eighty-seven,1965
Dimgray-Phi,4825,Acacia_Three_hundred_and_seven,931
Yellow-Rho,4054,Myrtle_Three_hundred_and_nine,3595
Gold-Upsilon,8264,Heather_Four_hundred_and_two,2820
Royalblue-Chi,9790,Tracelium_Four_hundred_and_sixty-five,1017
Yellowgreen-Xi,7329,Gerbera_Three_hundred_and_thirty-five,51
Mediumblue-Upsilon,4635,Narcissus_Three_hundred_and_twenty-five,651
Goldenrod-Sigma,5290,Rose_Twenty-three,9110538
Darkorange-Pi,7127,Narcissus_Forty-five,3746
Lightyellow-Omega,4102,Ornithogalum_Two_hundred_and_eighty-four,1333
Peru-Kappa,7847,Banksia_Two_hundred_and_eighty-nine,387
Chartreuse-Alpha,9330,Porium_Four_hundred_and_eighty,2906
Beige-Omega,3525,Salix_Sixty-five,2017
Green-Rho,5295,Stephanotis_One_hundred_and_twenty-six,1541
White-Psi,6369,Ginger_One_hundred_and_thirty-two,2789
Mistyrose-Eta,9418,Love-lies-bleeding_Four_hundred_and_sixty-four,3691
Dodgerblue-Epsilon,9289,Sunflower_Six,462
Floralwhite-Omega,5494,Solidago_One_hundred_and_ninety-one,2217
Mintcream-Alpha,7569,Phalaenopsis_Three_hundred_and_fifty-two,1129
Blue-Alpha,6940,Chrysanthemum_Three_hundred,554
Antiquewhite-Nu,8563,Campanula_One_hundred_and_ninety-eight,21
Olive-Chi,9356,Ranunculus_One_hundred_and_seventy-one,1665
Lightblue-Beta,5227,Porium_Eighty-nine,2734
Mediumorchid-Omega,7445,Solidago_Four_hundred_and_ninety-eight,2439
Mediumblue-Tau,9768,Stephanotis_Two_hundred_and_seventeen,485
Indianred-Epsilon,4968,Statice_Twenty,402
Maroon-Theta,3496,Godetia_Two_hundred_and_eighty-four,131
Darkslateblue-Pi,3335,Tulip_Three_hundred_and_sixty-four,2583
Greenyellow-Nu,5010,Broom_Two_hundred_and_four,79
Greenyellow-Rho,9958,Anthurium_Two_hundred_and_thirteen,1357
Floralwhite-Omega,5494,Sansevieria_Three_hundred_and_forty-three,2088
Deeppink-Epsilon,8372,Lilac_Three_hundred_and_fifteen,2379
Seashell-Mu,7791,Carthamus_Three_hundred_and_two,1380
Slategrey-Xi,8747,Myrsine_One_hundred_and_twenty-six,1906
Lawngreen-Psi,5481,Memosa_Four_hundred_and_thirty-nine,2553
Turquoise-Beta,5567,Phalaenopsis_Three_hundred_and_fifty-two,1129
Grey-Gamma,4667,Rose_Two_hundred_and_seventy-seven,210
Goldenrod-Iota,5742,Limonium_Three_hundred_and_twenty-two,1839
Burlywood-Omicron,5791,Ranunculus_One_hundred_and_seventy-one,1665
Darkmagenta-Xi,6613,Gyp_Two_hundred_and_ninety-four,61
Darksalmon-Beta,9334,Paeonia_Two_hundred_and_thirty-one,2787
Darkorchid-Alpha,9952,Myrtle_One_hundred_and_twenty-nine,429
Darkgrey-Eta,7114,Throatwort_Three_hundred_and_thirty-four,2334
Lightgrey-Lamda,9470,Jonquil_Fifty,1155
Darkmagenta-Omicron,4541,Lavandula_One_hundred_and_ninety-one,1796
Seashell-Nu,4148,Carnation_Sixty-seven,1223
Lightsalmon-Epsilon,9831,Lily_Three_hundred_and_ninety-one,3939
Dodgerblue-Gamma,9877,Melaleuca_Three_hundred_and_seventeen,890
Lightsalmon-Phi,9972,Wattle_Fifty-four,2237
Mediumslateblue-Delta,3939,Alpina_Four_hundred_and_twenty-three,2091
Sienna-Xi,9102,Rose_Fifty-one,263
Navajowhite-Zeta,4557,Strawflower_Two_hundred_and_thirty-five,923
Olive-Chi,9356,Porium_Thirty-five,871
Sienna-Eta,6655,Paeonia_Four_hundred_and_eleven,1445
Beige-Nu,7557,Craspedia_Four_hundred_and_forty-four,725
Darkslategrey-Kappa,7187,Anconitum_Two_hundred_and_three,204
Midnightblue-Upsilon,3071,Ornithogalum_Three_hundred_and_twenty-seven,3460
Dimgray-Xi,3246,Ornithogalum_Three_hundred,3872
Lightyellow-Phi,8587,Wattle_Thirty-seven,3135
Gold-Chi,5839,Windflower_One_hundred_and_one,2028
Seashell-Psi,7987,Broom_Three_hundred_and_sixty-nine,1758
Saddlebrown-Chi,6558,Speedwell_Four_hundred_and_ninety-four,595
Darkslategray-Upsilon,4368,Dendrobium_Eighty-three,1190
Mediumseagreen-Alpha,3173,Ornithogalum_Three_hundred_and_twelve,1686
Khaki-Tau,3635,Myrtus_Three_hundred_and_sixteen,179
Grey-Mu,8897,Candytuft_Four_hundred_and_ninety-five,3718
Lightgoldenrodyellow-Pi,3035,Enthusiasm_Three_hundred_and_seventeen,2214
Khaki-Tau,3635,Saponaria_Two_hundred_and_eight,1425
Lightslategray-Gamma,4428,Wattle_One_hundred_and_forty-one,3100
Lightgoldenrodyellow-Pi,3035,Lilly-of-the-Valley_One_hundred_and_forty,2503
Palegreen-Zeta,3042,Astilbe_Two_hundred_and_fourteen,821
Darkkhaki-Zeta,3792,Rose_Twenty-three,9110538
Darkorange-Lamda,9020,Stenamezon_Sixty-five,3306
Antiquewhite-Omicron,9824,Strawflower_Three_hundred_and_seventy-five,3507
Mediumvioletred-Upsilon,6604,Waxflower_Two_hundred_and_twenty-five,1116
Lightgray-Iota,5207,Phlox_Two_hundred_and_fifty-two,3000
Rebeccapurple-Mu,7470,Clarkia_Thirteen,2004
Orange-Xi,6031,Cordyline_Thirty-one,518
Mediumorchid-Omicron,6424,Drumstick_Three_hundred_and_ninety-five,2467
Darkgoldenrod-Gamma,6334,Asparagus_Four_hundred,3364
Red-Gamma,3199,Peony_Three_hundred_and_eighty-four,3128
Springgreen-Omicron,8208,Cosmos_One,2282
Lightslategray-Psi,6351,Phalaenopsis_Two_hundred_and_fifty-six,3071
Lawngreen-Zeta,4395,Wattle_Twelve,2109
Aliceblue-Kappa,7451,Iris_One_hundred_and_twenty-seven,2092
Thistle-Nu,8280,Hydrangea_Four_hundred_and_fifty-three,1040
Pink-Rho,4778,Clarkia_Two_hundred_and_eighty-nine,1478
Sienna-Eta,6655,Statice_Three_hundred_and_sixty-two,473
Ghostwhite-Nu,5024,Pittosporum_Thirty-nine,707
Khaki-Alpha,6344,Dahlia_Two_hundred_and_thirty-one,1261
Salmon-Iota,4288,Anthurium_Two_hundred_and_thirteen,1357
Darkblue-Zeta,5633,Nephrolepis_Four_hundred_and_sixty-eight,1120
Oldlace-Phi,4862,Campanula_Two_hundred_and_twelve,3450
Darkseagreen-Sigma,3266,Veronica_Twenty-three,3948
Paleturquoise-Eta,7677,Tracelium_Four_hundred_and_sixty-five,1017
Powderblue-Kappa,5055,Banksia_Two_hundred_and_eighty-eight,1374
Skyblue-Zeta,6212,Veronica_Three_hundred_and_ninety-seven,1315
Cornflowerblue-Lamda,6787,Drumstick_Four_hundred_and_eighty-five,904
Lemonchiffon-Chi,9683,Ginger_Forty-seven,3616
Yellowgreen-Omega,5139,Heath_Four_hundred_and_seventy-seven,3853
Cyan-Upsilon,6626,Pittosporum_Three_hundred_and_twenty-eight,3444
Cadetblue-Sigma,6634,Phalaenopsis_Fourteen,1439
Navy-Zeta,3568,Porium_Eighty-nine,2734
Yellowgreen-Rho,6094,Pittosporum_Fourteen,1805
Hotpink-Upsilon,4642,Alstroemeria_Forty-one,1386
Green-Mu,4311,Dendrobium_Eighty-three,1190
Lightblue-Lamda,7055,Myrtle_Two_hundred_and_one,3520
Salmon-Iota,4288,Dendrobium_Three_hundred_and_eighty-eight,3810
Orange-Chi,8434,Cosmos_Three_hundred_and_sixty-one,3860
Magenta-Phi,6063,Myrsine_One_hundred_and_seventy,1967
Greenyellow-Epsilon,6960,Gladiolus_Three_hundred_and_seventeen,3503
Palevioletred-Phi,8226,Stenamezon_Two_hundred_and_forty,1551
Darkseagreen-Eta,3759,Freesia_Four_hundred_and_eighty-six,2761
Darkolivegreen-Rho,4198,Chamelaucium_One_hundred_and_eighty-six,3159
Fuchsia-Gamma,8319,Ginger_One_hundred_and_thirty-two,2789
Lavenderblush-Phi,3265,Love-lies-bleeding_Three_hundred_and_thirty-two,2666
Khaki-Chi,5337,Wattle_Three_hundred_and_ninety-two,1563
Darkseagreen-Theta,4386,Godetia_Sixty-nine,1053
Green-Tau,4694,Gardenia_Four_hundred_and_sixty-one,228
Antiquewhite-Omicron,9824,Peony_One_hundred_and_ninety-nine,1813
Greenyellow-Rho,9958,Wattle_Three_hundred_and_sixty-two,520
Mediumblue-Pi,3686,Buddleia_Four_hundred_and_seventy-nine,2986
Plum-Alpha,3300,Zantedeschia_Two_hundred_and_thirty-three,3802
Aliceblue-Delta,9311,Enthusiasm_Forty-two,3554
Limegreen-Iota,6526,Saxicola_One_hundred_and_fifty-five,3789
Mediumblue-Pi,3686,Candytuft_Two_hundred_and_seventy-nine,1917
Lightskyblue-Omega,3394,Safflower_Four_hundred_and_twenty-eight,2301
Darkslategray-Sigma,4897,Stenamezon_Twenty-two,797
Rosybrown-Eta,7631,Tailflowers_Nine,3995
Lawngreen-Upsilon,3097,Iris_One_hundred_and_ninety-two,3761
Tomato-Lamda,7586,Philodendron_Two_hundred_and_twenty-one,763
Snow-Zeta,4257,Pittosporum_Ten,1318
Darkorange-Lamda,9020,Statice_Two_hundred_and_thirty-two,2881
Lightpink-Alpha,9553,Myrsine_Three_hundred_and_two,253
Seashell-Mu,7791,Porium_Four_hundred_and_fifty-eight,668
Lime-Iota,7256,Celosia_Ten,419
Orange-Upsilon,3361,Knapweed_Fifty-one,2099
Yellowgreen-Xi,7329,Daffodil_Three,551
Silver-Sigma,5363,Phalaenopsis_Fifty-four,2557
Darkturquoise-Theta,5084,Nigella_Four_hundred_and_seventy-eight,692
Blueviolet-Epsilon,6501,Lilac_Thirty-one,1262
Ghostwhite-Omega,5726,Cosmos_Seven,2592
Lightsalmon-Zeta,4245,Salix_Forty,3051
Linen-Nu,8139,Gerbera_One_hundred_and_thirty-two,3843
Blue-Alpha,6940,Tracelium_Four_hundred_and_sixty-five,1017
Slategrey-Upsilon,5106,Zinna_One_hundred_and_ninety-five,2241
Indigo-Zeta,5189,Paeonia_Three_hundred_and_thirty-three,1449
Orangered-Beta,4031,Chrysanthemum_Four_hundred_and_sixty-five,2958
Darkgrey-Eta,7114,Schinus_One_hundred_and_thirty-eight,3886
Lavenderblush-Phi,3265,Knapweed_One_hundred_and_sixty,2484
Sienna-Upsilon,5842,Ranunculus_Three_hundred_and_seventy,466
Mediumorchid-Gamma,5782,Bellflower_One_hundred_and_sixty-two,2480
Rebeccapurple-Upsilon,5479,Larkspur_Two_hundred_and_forty-eight,3542
Mintcream-Beta,7385,Throatwort_Three_hundred_and_thirty-four,2334
Ghostwhite-Zeta,5204,Myrtus_Two_hundred_and_ninety-five,1464
Lightcoral-Upsilon,7594,Windflower_One_hundred_and_one,2028
Cyan-Pi,8204,Iris_Three_hundred_and_ninety-five,261
Peru-Theta,9377,Agapanthus_Two_hundred_and_forty-seven,1653
Darkcyan-Iota,8309,Daffodil_Thirty-eight,1607
Antiquewhite-Alpha,6674,Lilly-of-the-Valley_Sixty-four,3208
Lightcyan-Xi,5656,Mimosa_Four_hundred_and_thirty-five,1557
Dimgray-Phi,4825,Cymbidium_One_hundred_and_twenty-two,1568
Lightgray-Iota,5207,Narcissus_Four_hundred_and_eighteen,45
Lightsteelblue-Omega,7529,Stock_Four_hundred_and_eighty-eight,1718
Lightpink-Theta,4300,Broom_Three_hundred_and_ten,3077
Royalblue-Delta,4784,Tuberose_Four_hundred_and_one,1134
Ghostwhite-Omicron,8930,Gerbera_Sixty-six,9112064
Pink-Omega,3737,Montbretia_One_hundred_and_sixty,2997
Lime-Omega,3856,Solidago_One_hundred_and_fifty-eight,3439
Oldlace-Omicron,6176,Alstroemeria_One_hundred_and_seventy-five,3199
Grey-Zeta,5411,Daffodil_Thirty-eight,1607
Springgreen-Kappa,6751,Stephanotis_Ninety-seven,805
Darkolivegreen-Sigma,9037,Carnation_Forty-seven,3662
Papayawhip-Psi,4548,Larkspur_Forty-nine,2976
Lightcoral-Delta,9234,Cornflower_One_hundred_and_thirty-four,2387
Mediumblue-Tau,9768,Zinna_Two_hundred_and_four,659
Sandybrown-Phi,5836,Nerine_Three_hundred_and_sixty-eight,3687
Maroon-Tau,6824,Ranunculus_One_hundred_and_eighteen,799
Darksalmon-Nu,7744,Cornflower_One_hundred_and_sixty-six,2799
Coral-Chi,6130,Cosmos_Three_hundred_and_sixty-one,3860
Darkgray-Xi,9240,Knapweed_Four_hundred_and_thirty-seven,3541
Green-Tau,4694,Asparagus_Four_hundred_and_one,3470
Ivory-Omega,6399,Chamelaucium_Eighty-seven,3875
Oldlace-Omicron,6176,Myrtus_One_hundred_and_sixty-five,1167
Seagreen-Tau,9156,Tailflowers_Four_hundred_and_sixty-one,1200
Darkgoldenrod-Psi,5513,Alpina_Three_hundred_and_nine,905
Yellowgreen-Theta,8164,Thouroughwax_Two_hundred_and_eight,294
Mediumslateblue-Omega,4278,Lavender_One_hundred_and_twenty-two,3228
Seashell-Psi,7987,Narcissus_Forty-five,3746
Darkmagenta-Tau,9237,Banksia_One_hundred_and_nineteen,878
Aquamarine-Rho,5003,Zantedeschia_One_hundred_and_ninety-six,2365
Dimgrey-Pi,5375,Limonium_One_hundred_and_twenty-three,2745
Mediumorchid-Epsilon,3019,Myrsine_Two_hundred,1035
Mistyrose-Rho,7416,Ornithogalum_One_hundred_and_sixty-five,646
Lightgray-Eta,3892,Caspia_Three_hundred_and_fourteen,2401
Mediumorchid-Zeta,5261,Phalaenopsis_Three_hundred_and_twenty,3897
Crimson-Zeta,3613,Lisianthus_Four_hundred_and_ninety-nine,540
Indianred-Epsilon,4968,Celosia_Three_hundred_and_six,101
Thistle-Eta,3055,Gyp_Two_hundred_and_ninety-four,61
Darkred-Mu,3915,Zantedeschia_One_hundred_and_ninety-six,2365
Midnightblue-Upsilon,3071,Campanula_Sixty-one,3119
Darkmagenta-Rho,9263,Farewell-To-Spring_Three_hundred_and_ninety-one,1302
Salmon-Eta,6779,Ornithogalum_Fifty-five,2971
Magenta-Gamma,7125,Lavender_Four_hundred_and_eighty-four,1603
Beige-Beta,5240,Memosa_Thirty-six,86
Forestgreen-Alpha,4122,Bupleurum_Two_hundred_and_sixty-six,2114
Tomato-Kappa,9140,Phalaenopsis_Three_hundred_and_fifty-two,1129
Springgreen-Kappa,6751,Waxflower_Two_hundred_and_twenty-five,1116
Dimgray-Phi,4825,Thouroughwax_Thirty-six,3951
Salmon-Iota,4288,Myrsine_Two_hundred_and_eighty,2266
Gainsboro-Gamma,7151,Tailflowers_Ninety-six,2780
Saddlebrown-Beta,8974,Montbretia_Four_hundred_and_thirty-three,980
Aquamarine-Delta,5134,Broom_Four_hundred_and_thirty-five,2837
Lightblue-Xi,4298,Throatwort_Eight,1047
Darksalmon-Nu,7744,Schinus_Three_hundred_and_three,3870
Lavender-Upsilon,4527,Bellflower_Two_hundred_and_thirty,1453
Mediumorchid-Alpha,5094,Anigozanthus_One_hundred_and_sixty-one,3215
Sandybrown-Omega,5924,Alpina_Four_hundred_and_twenty-three,2091
Wheat-Pi,5457,Cosmos_Three_hundred_and_seventy-five,1459
Aliceblue-Iota,5015,Monkshood_Two_hundred_and_twenty-nine,2272
Aquamarine-Eta,6744,Gladiolus_Three_hundred_and_fifty-nine,955
Tomato-Pi,9078,Ageratum_One_hundred_and_forty-eight,234
Darkgoldenrod-Chi,5975,Cymbidium_Four_hundred_and_sixty-two,139
Darkviolet-Tau,8336,Heather_Sixty-four,226
Seagreen-Upsilon,8602,Gardenia_One_hundred_and_nineteen,3395
Saddlebrown-Lamda,5903,Peony_One_hundred_and_ninety-nine,1813
Seagreen-Tau,9156,Drumstick_Four_hundred_and_fifty-six,2522
Lavenderblush-Omicron,4008,Saxicola_One_hundred_and_seven,3474
Aquamarine-Omicron,6104,Lily_Four_hundred_and_thirty-eight,1953
Linen-Nu,8139,Solidago_Three_hundred_and_thirty,1394
Thistle-Beta,7641,Wolfsbane_Three_hundred_and_eleven,1739
Teal-Rho,9708,Safflower_One_hundred_and_eight,607
Silver-Lamda,4657,Montbretia_Two_hundred_and_five,2706
Mistyrose-Rho,7416,Ranunculus_Three_hundred_and_seventy,466
Yellowgreen-Alpha,9399,Anthurium_Three_hundred_and_thirty-three,2059
Seashell-Psi,7987,Zinna_Four_hundred_and_forty-three,313
Tomato-Zeta,4342,Limonium_Three_hundred_and_ninety-five,1186
Plum-Xi,5347,Sansevieria_Two_hundred_and_sixty-six,1822
Seagreen-Tau,9156,Carnation_Forty-seven,3662
Sandybrown-Tau,5560,Ranunculus_One_hundred_and_seventy-one,1665
Darksalmon-Zeta,8775,Cosmos_Three_hundred_and_sixty-one,3860
Mediumblue-Psi,5033,Heather_Two_hundred_and_thirty,673
Yellowgreen-Delta,7673,Cymbidium_Four_hundred_and_eighty-six,327
Gold-Chi,5839,Candytuft_Four_hundred_and_thirty-nine,3042
Rosybrown-Eta,7631,Cymbidium_One_hundred_and_ninety-four,3053
Red-Gamma,3199,Anconitum_Twenty-one,3316
Aqua-Iota,3775,Banksia_One_hundred_and_seventy-five,2475
Mediumaquamarine-Theta,6554,Larkspur_Fifty,733
Rebeccapurple-Sigma,9314,Campanula_Two_hundred_and_twelve,3450
Lavenderblush-Pi,4918,Craspedia_One_hundred_and_twelve,2556
Lavenderblush-Iota,7311,Rattlesnake_Two_hundred_and_ninety-nine,807
Teal-Zeta,9210,Ranunculus_Four_hundred_and_eighty-seven,1819
Darksalmon-Zeta,8775,Hippeastrum_Seventy-two,2233
Lightgreen-Phi,5108,Asparagus_Sixty-three,3656
Beige-Nu,7557,Anconitum_Two_hundred_and_ninety-one,3272
Sandybrown-Eta,5667,Wattle_Four_hundred_and_eleven,886
Green-Beta,7334,Rattlesnake_One_hundred_and_eighty-three,41
Black-Sigma,6621,Freesia_One_hundred_and_thirty-four,728
Darksalmon-Nu,7744,Pittosporum_Sixty-eight,969
Silver-Phi,9536,Salix_Three_hundred_and_twenty-five,839
Blanchedalmond-Rho,7914,Lisianthus_Two_hundred_and_thirty-six,996
Darkmagenta-Upsilon,4677,Astilbe_Twenty-two,1330
Fuchsia-Nu,3616,Tailflowers_Four_hundred_and_twenty-four,3981
Pink-Gamma,4992,Sansevieria_Four_hundred_and_thirty-one,2455
Gainsboro-Alpha,7361,Boronia_Twenty-eight,3556
Lime-Omega,3856,Astilbe_Four_hundred_and_fifty-five,2815
Darkblue-Mu,9714,Schinus_Three_hundred_and_three,3870
Red-Alpha,9783,Lisianthus_Forty-two,3029
Silver-Lamda,4657,Wattle_Fifty-six,1505
Mistyrose-Omega,6184,Porium_Fifty-two,1760
Linen-Nu,8139,Anemone_Two_hundred_and_nine,1733
Sandybrown-Iota,3121,Bouvardia_Sixty-seven,3414
Brown-Nu,7733,Paeonia_Two_hundred_and_thirty-one,2787
Ghostwhite-Omicron,8930,Sansevieria_Three_hundred_and_seventy-four,1423
Goldenrod-Iota,5742,Solidago_One_hundred_and_ninety-one,2217
Lightyellow-Phi,8587,Bouvardia_Two_hundred_and_five,629
Snow-Chi,7079,Melaleuca_Three_hundred_and_seventeen,890
Darkkhaki-Rho,8327,Sansevieria_Two_hundred_and_fifty,2806
Azure-Beta,3231,Melaleuca_Three_hundred_and_ninety-nine,3831
Orange-Theta,3725,Wattle_Four_hundred_and_seventy,1240
Mediumslateblue-Gamma,3513,Wattle_Thirty-seven,3135
Ivory-Gamma,7457,Cymbidium_One_hundred_and_ninety-two,2116
Darkslateblue-Omicron,6706,Nephrolepis_Three_hundred_and_fourteen,1630
Palegoldenrod-Gamma,7472,Wattle_Four_hundred_and_seventy,1240
Hotpink-Zeta,6289,Zinna_Four_hundred_and_ninety-four,1991
Firebrick-Pi,8969,Gardenia_Two_hundred_and_ninety-eight,2409
Black-Iota,9866,Tulipa_Two_hundred_and_forty-three,3714
Antiquewhite-Sigma,8692,Memosa_Eighty-seven,164
Palegreen-Zeta,3042,Pittosporum_One_hundred_and_eleven,3378
Crimson-Chi,4446,Montbretia_Fifty-seven,2082
Teal-Beta,3644,Chrysanthemum_Four_hundred_and_sixty-five,2958
Oldlace-Omicron,6176,Cosmos_Seven,2592
Hotpink-Rho,4476,Agapanthus_Three_hundred_and_ninety-three,3523
White-Sigma,5937,Gyp_Two_hundred_and_ninety-four,61
Darkseagreen-Zeta,3712,Tracelium_One_hundred_and_forty-four,4016
Gold-Gamma,6060,Tulipa_Four_hundred_and_twenty-one,2893
Bisque-Upsilon,7427,Solidago_Three_hundred_and_thirty,1394
Mediumturquoise-Mu,9661,Achillea_Eighty-two,2508
Ghostwhite-Tau,7484,Tailflowers_Four_hundred_and_sixty-one,1200
Lightcyan-Upsilon,9652,Myrtus_Four_hundred_and_eighty-six,3183
Rebeccapurple-Epsilon,9618,Scabiosa_One_hundred_and_seven,3604
Powderblue-Lamda,4626,Iris_One_hundred_and_forty-nine,2035
Mediumslateblue-Phi,3235,Phalaenopsis_Eighty-five,3151
Forestgreen-Zeta,5428,Larkspur_One_hundred_and_sixty-five,58
Snow-Omicron,8768,Astilbe_Twenty-two,1330
Mediumaquamarine-Beta,9611,Wolfsbane_Three_hundred_and_sixteen,2473
Antiquewhite-Epsilon,9540,Narcissus_Three_hundred_and_seventy-nine,986
Lightcoral-Pi,8474,Wolfsbane_Three_hundred_and_eleven,1739
Moccasin-Eta,8240,Agapanthus_Two_hundred_and_fourteen,3612
Darkcyan-Sigma,9231,Waxflower_Two_hundred_and_eighty-six,729
Purple-Chi,7618,Gyp_Two_hundred_and_ninety-eight,3482
Blanchedalmond-Epsilon,4675,Celosia_Four_hundred_and_ninety-five,3848
Steelblue-Kappa,4327,Gardenia_Four_hundred_and_sixty-one,228
Khaki-Kappa,6809,Love-lies-bleeding_Three_hundred_and_thirty-three,2864
Aquamarine-Eta,6744,Love-lies-bleeding_Three_hundred_and_thirty-two,2666
White-Pi,6453,Tracelium_Thirty-nine,367
Lightslategray-Gamma,4428,Enthusiasm_Three_hundred_and_fifteen,3381
Darkorange-Alpha,6111,Dendrobium_Four,801
Tan-Gamma,6204,Broom_Four_hundred_and_thirty-five,2837
Darkgreen-Epsilon,5811,Anthurium_Two_hundred_and_thirty,1299
Beige-Beta,5240,Porium_One_hundred_and_forty-six,756
Lightsteelblue-Lamda,6925,Asparagus_Three_hundred_and_ninety-one,1233
Purple-Eta,9984,Nephrolepis_Four_hundred_and_seventy-eight,695
Powderblue-Lamda,4626,Farewell-To-Spring_Four_hundred_and_eight,1836
Lightpink-Delta,6121,Gyp_Two_hundred_and_eighteen,1248
Peru-Eta,7900,Myrsine_Two_hundred_and_eighty,2266
Palevioletred-Phi,8226,Phlox_Two_hundred_and_fifty-two,3000
Papayawhip-Psi,4548,Banksia_Three_hundred_and_ninety-six,1658
Red-Pi,6211,Myrtus_One_hundred_and_sixty-five,1167
Darkseagreen-Zeta,3712,Broom_Three_hundred_and_thirteen,2070
Darkorange-Lamda,9020,Celosia_Four_hundred_and_ninety-five,3848
